"Account"	"Businees Unit"	"Currency"	"Year"	"Scenario"	"Jan"	"Feb"	"Mar"	"Apr"	"May"	"Jun"	"Jul"	"Aug"	"Sep"	"Oct"	"Nov"	"Dec"
"Sales"	"Software"	"USD"	"2012"	"Actuals"	"90924002"	"82606134"	"72780220"	"52943701"	"77528109"	"96384524"	"77345061"	"98290873"	"79879127"	"95373403"	"54887908"	"82703597"
"Cost of Goods Sold"	"Software"	"USD"	"2012"	"Actuals"	"-41623278"	"-40464347"	"-30806326"	"-21412962"	"-37047252"	"-44819597"	"-34847393"	"-47903350"	"-35880653"	"-44982115"	"-26929424"	"-34233473"
"Commissions Expense"	"Software"	"USD"	"2012"	"Actuals"	"-4454359"	"-3386032"	"-3389705"	"-2149257"	"-3168079"	"-4417624"	"-3386461"	"-4052846"	"-3418737"	"-4365527"	"-2455561"	"-3646726"
"Payroll Expense"	"Software"	"USD"	"2012"	"Actuals"	"-9901680"	"-9871172"	"-8459696"	"-6303408"	"-8493573"	"-11082494"	"-8081033"	"-11070018"	"-8410665"	"-10081727"	"-6300578"	"-9099438"
"Travel & Entertainment Expense"	"Software"	"USD"	"2012"	"Actuals"	"-951255"	"-838985"	"-872700"	"-624416"	"-919835"	"-1085296"	"-818602"	"-1040585"	"-803190"	"-1158623"	"-611335"	"-941542"
"R&D Expense"	"Software"	"USD"	"2012"	"Actuals"	"-4094116"	"-3599297"	"-3213050"	"-2466394"	"-3350416"	"-3973250"	"-3752045"	"-4170217"	"-3524451"	"-4281007"	"-2727155"	"-3711633"
"Consulting Expense"	"Software"	"USD"	"2012"	"Actuals"	"-5261471"	"-4215309"	"-3781799"	"-2788120"	"-4656777"	"-5399647"	"-4448901"	"-5654825"	"-4598250"	"-5505410"	"-2908553"	"-4664773"
"Software/Hardware Expense"	"Software"	"USD"	"2012"	"Actuals"	"-7549491"	"-6744180"	"-5424173"	"-3818856"	"-5935455"	"-7685036"	"-6661232"	"-8035238"	"-6167182"	"-8233098"	"-4016737"	"-6547629"
"Marketing Expense"	"Software"	"USD"	"2012"	"Actuals"	"-1865763"	"-2004386"	"-1667521"	"-1103735"	"-1617994"	"-2316878"	"-1579791"	"-2223673"	"-1869698"	"-2043854"	"-1365202"	"-1696008"
"Sales"	"Advertising"	"USD"	"2012"	"Actuals"	"20003280"	"24781840"	"15283846"	"15883110"	"19382027"	"22168441"	"18562815"	"29487262"	"23164947"	"27658287"	"14819735"	"18194791"
"Cost of Goods Sold"	"Advertising"	"USD"	"2012"	"Actuals"	"-9353324"	"-11513937"	"-6166965"	"-7501106"	"-8496461"	"-9798685"	"-8555070"	"-14039373"	"-11551839"	"-13628227"	"-7257645"	"-9083320"
"Commissions Expense"	"Advertising"	"USD"	"2012"	"Actuals"	"-941821"	"-1002323"	"-746736"	"-764074"	"-808144"	"-1061422"	"-808354"	"-1421840"	"-950267"	"-1278394"	"-675574"	"-772637"
"Payroll Expense"	"Advertising"	"USD"	"2012"	"Actuals"	"-2496366"	"-2697904"	"-1679239"	"-1918713"	"-2215557"	"-2480892"	"-2182363"	"-3410389"	"-2427536"	"-3305300"	"-1808374"	"-2032444"
"Travel & Entertainment Expense"	"Advertising"	"USD"	"2012"	"Actuals"	"-212638"	"-297458"	"-167930"	"-194736"	"-235827"	"-260283"	"-221103"	"-348081"	"-260895"	"-321588"	"-172652"	"-185865"
"R&D Expense"	"Advertising"	"USD"	"2012"	"Actuals"	"-977169"	"-1029549"	"-674412"	"-792920"	"-900465"	"-993534"	"-884213"	"-1430413"	"-1146956"	"-1115640"	"-638663"	"-822644"
"Consulting Expense"	"Advertising"	"USD"	"2012"	"Actuals"	"-1176605"	"-1291439"	"-934063"	"-937518"	"-1139418"	"-1356373"	"-1140096"	"-1606577"	"-1429418"	"-1399794"	"-752770"	"-1078181"
"Software/Hardware Expense"	"Advertising"	"USD"	"2012"	"Actuals"	"-1729022"	"-2125980"	"-1266805"	"-1181160"	"-1678429"	"-1922968"	"-1563338"	"-2266251"	"-1651944"	"-2138006"	"-1069556"	"-1550361"
"Marketing Expense"	"Advertising"	"USD"	"2012"	"Actuals"	"-477650"	"-500810"	"-350137"	"-390161"	"-444748"	"-502205"	"-401191"	"-701616"	"-517674"	"-616922"	"-308776"	"-393674"
"Sales"	"Hardware"	"USD"	"2012"	"Actuals"	"32732641"	"30564270"	"26200879"	"19589169"	"29460681"	"36626119"	"23976969"	"34401806"	"29555277"	"31473223"	"17015251"	"31427367"
"Cost of Goods Sold"	"Hardware"	"USD"	"2012"	"Actuals"	"-15174996"	"-13026257"	"-11675693"	"-8655251"	"-12015866"	"-15700152"	"-9675687"	"-16111034"	"-12007211"	"-15679125"	"-7771569"	"-15258373"
"Commissions Expense"	"Hardware"	"USD"	"2012"	"Actuals"	"-1365874"	"-1359525"	"-1296743"	"-900105"	"-1331847"	"-1564129"	"-1063724"	"-1612959"	"-1338743"	"-1378721"	"-751229"	"-1417137"
"Payroll Expense"	"Hardware"	"USD"	"2012"	"Actuals"	"-3625840"	"-3423587"	"-2865530"	"-2430054"	"-3605303"	"-4252053"	"-2644538"	"-4099242"	"-3376769"	"-3479104"	"-2018487"	"-3638336"
"Travel & Entertainment Expense"	"Hardware"	"USD"	"2012"	"Actuals"	"-404102"	"-338689"	"-289410"	"-231627"	"-322868"	"-401363"	"-253582"	"-412988"	"-347606"	"-391065"	"-171970"	"-374266"
"R&D Expense"	"Hardware"	"USD"	"2012"	"Actuals"	"-1468035"	"-1483124"	"-1094520"	"-937432"	"-1284439"	"-1598284"	"-1152053"	"-1525329"	"-1197635"	"-1277358"	"-816086"	"-1391966"
"Consulting Expense"	"Hardware"	"USD"	"2012"	"Actuals"	"-1854144"	"-1664382"	"-1580339"	"-1211392"	"-1625464"	"-2017618"	"-1472986"	"-2012637"	"-1767868"	"-1608184"	"-917113"	"-1651075"
"Software/Hardware Expense"	"Hardware"	"USD"	"2012"	"Actuals"	"-2454740"	"-2246414"	"-1920131"	"-1538618"	"-2459096"	"-2690767"	"-1781975"	"-2592510"	"-2077955"	"-2418669"	"-1334326"	"-2275474"
"Marketing Expense"	"Hardware"	"USD"	"2012"	"Actuals"	"-713163"	"-741500"	"-638160"	"-461044"	"-641726"	"-906407"	"-538307"	"-792272"	"-631951"	"-774552"	"-424464"	"-689907"
"Sales"	"Software"	"USD"	"2013"	"Actuals"	"62935397"	"53925189"	"89800765"	"73182364"	"88898687"	"56531656"	"81928853"	"83883692"	"90835513"	"84696571"	"85024906"	"53288399"
"Cost of Goods Sold"	"Software"	"USD"	"2013"	"Actuals"	"-26494815"	"-22903069"	"-40456195"	"-34006729"	"-42423953"	"-27409059"	"-33775125"	"-36687036"	"-41042906"	"-39247829"	"-36978094"	"-21932570"
"Commissions Expense"	"Software"	"USD"	"2013"	"Actuals"	"-2701354"	"-2292513"	"-4003886"	"-3480213"	"-3751958"	"-2276949"	"-3831128"	"-4053567"	"-3723927"	"-3646419"	"-3875350"	"-2193320"
"Payroll Expense"	"Software"	"USD"	"2013"	"Actuals"	"-6903529"	"-6040881"	"-8999879"	"-8859167"	"-10315340"	"-7009597"	"-9729627"	"-9388096"	"-9421268"	"-9764483"	"-10104336"	"-6025217"
"Travel & Entertainment Expense"	"Software"	"USD"	"2013"	"Actuals"	"-742125"	"-668336"	"-1090282"	"-779994"	"-1061114"	"-574730"	"-914148"	"-937664"	"-1118700"	"-991515"	"-891952"	"-622578"
"R&D Expense"	"Software"	"USD"	"2013"	"Actuals"	"-3004974"	"-2247412"	"-4038201"	"-3194257"	"-3781884"	"-2691195"	"-3732122"	"-3946945"	"-3769268"	"-3631690"	"-3939592"	"-2301656"
"Consulting Expense"	"Software"	"USD"	"2013"	"Actuals"	"-3635465"	"-3045416"	"-4995746"	"-4388934"	"-4835074"	"-3428760"	"-5056752"	"-4859658"	"-5233669"	"-5103815"	"-4679973"	"-2916323"
"Software/Hardware Expense"	"Software"	"USD"	"2013"	"Actuals"	"-4463301"	"-4126173"	"-7142092"	"-5237047"	"-7122613"	"-4230019"	"-6296385"	"-6393165"	"-7603663"	"-6983409"	"-6504510"	"-4278920"
"Marketing Expense"	"Software"	"USD"	"2013"	"Actuals"	"-1338399"	"-1226506"	"-1878316"	"-1692980"	"-1813241"	"-1153027"	"-1971506"	"-1867620"	"-2234011"	"-1784085"	"-1901804"	"-1094887"
"Sales"	"Advertising"	"USD"	"2013"	"Actuals"	"15104495"	"15638305"	"26940230"	"18295591"	"24002645"	"11871648"	"23759367"	"23487434"	"20892168"	"25408971"	"17004981"	"10657680"
"Cost of Goods Sold"	"Advertising"	"USD"	"2013"	"Actuals"	"-6922154"	"-6719996"	"-11251219"	"-8188535"	"-10753091"	"-5620387"	"-11674472"	"-9402231"	"-9847130"	"-10592169"	"-8170720"	"-4761146"
"Commissions Expense"	"Advertising"	"USD"	"2013"	"Actuals"	"-744189"	"-684446"	"-1135391"	"-740206"	"-1056537"	"-587577"	"-1154625"	"-1015469"	"-919043"	"-1130498"	"-705547"	"-447074"
"Payroll Expense"	"Advertising"	"USD"	"2013"	"Actuals"	"-1820008"	"-1643381"	"-3339938"	"-2236128"	"-2909989"	"-1461544"	"-2630917"	"-2736210"	"-2555554"	"-2554023"	"-1729230"	"-1183866"
"Travel & Entertainment Expense"	"Advertising"	"USD"	"2013"	"Actuals"	"-161575"	"-187636"	"-282811"	"-221047"	"-254049"	"-144005"	"-246538"	"-255904"	"-221757"	"-282216"	"-207965"	"-107626"
"R&D Expense"	"Advertising"	"USD"	"2013"	"Actuals"	"-741256"	"-734801"	"-1121189"	"-847064"	"-1076637"	"-581037"	"-1155733"	"-1140205"	"-928524"	"-1022458"	"-732828"	"-507909"
"Consulting Expense"	"Advertising"	"USD"	"2013"	"Actuals"	"-938436"	"-936828"	"-1631024"	"-1004574"	"-1256873"	"-602967"	"-1434455"	"-1308212"	"-1228204"	"-1541439"	"-1029014"	"-547052"
"Software/Hardware Expense"	"Advertising"	"USD"	"2013"	"Actuals"	"-1135946"	"-1337432"	"-2176367"	"-1388676"	"-1972095"	"-935781"	"-1810962"	"-1913852"	"-1681821"	"-1985257"	"-1268727"	"-853915"
"Marketing Expense"	"Advertising"	"USD"	"2013"	"Actuals"	"-323989"	"-329938"	"-540940"	"-428900"	"-480921"	"-296470"	"-569490"	"-545708"	"-522167"	"-517041"	"-375439"	"-255120"
"Sales"	"Hardware"	"USD"	"2013"	"Actuals"	"19509973"	"17256060"	"30532260"	"29272946"	"29336567"	"20351396"	"28675099"	"33553477"	"34517495"	"26255937"	"30608966"	"18118056"
"Cost of Goods Sold"	"Hardware"	"USD"	"2013"	"Actuals"	"-8150515"	"-8450170"	"-14161620"	"-11982699"	"-14251244"	"-9764566"	"-13601224"	"-16479944"	"-15769647"	"-11713786"	"-13808185"	"-7671352"
"Commissions Expense"	"Hardware"	"USD"	"2013"	"Actuals"	"-918940"	"-807370"	"-1441691"	"-1189856"	"-1441481"	"-992324"	"-1184148"	"-1395247"	"-1624531"	"-1309585"	"-1271473"	"-888159"
"Payroll Expense"	"Hardware"	"USD"	"2013"	"Actuals"	"-1978540"	"-2042733"	"-3640742"	"-3022060"	"-3103005"	"-2469981"	"-3153289"	"-3620396"	"-4017528"	"-2657392"	"-3428688"	"-2234769"
"Travel & Entertainment Expense"	"Hardware"	"USD"	"2013"	"Actuals"	"-226737"	"-177057"	"-348448"	"-348912"	"-340324"	"-233884"	"-339323"	"-346782"	"-416320"	"-265196"	"-350713"	"-191961"
"R&D Expense"	"Hardware"	"USD"	"2013"	"Actuals"	"-864114"	"-798924"	"-1397111"	"-1424616"	"-1408363"	"-988295"	"-1420613"	"-1550303"	"-1530986"	"-1291985"	"-1244998"	"-880628"
"Consulting Expense"	"Hardware"	"USD"	"2013"	"Actuals"	"-985386"	"-1024168"	"-1624588"	"-1566421"	"-1513745"	"-1168867"	"-1433907"	"-1760511"	"-1764055"	"-1576381"	"-1568287"	"-1109268"
"Software/Hardware Expense"	"Hardware"	"USD"	"2013"	"Actuals"	"-1643593"	"-1410736"	"-2420767"	"-2153538"	"-2533689"	"-1741008"	"-2146318"	"-2517357"	"-2704417"	"-2028595"	"-2603838"	"-1295382"
"Marketing Expense"	"Hardware"	"USD"	"2013"	"Actuals"	"-448703"	"-383620"	"-615643"	"-713736"	"-716076"	"-430361"	"-707885"	"-733111"	"-799880"	"-586058"	"-621736"	"-422427"
"Sales"	"Software"	"USD"	"2014"	"Actuals"	"73003216"	"67583964"	"96747422"	"54707115"	"53295086"	"73831265"	"60633129"	"67453237"	"98780894"	"52687090"	"71258255"	"83507400"
"Cost of Goods Sold"	"Software"	"USD"	"2014"	"Actuals"	"-35434154"	"-33276599"	"-46411721"	"-25228351"	"-24803966"	"-34794166"	"-25081587"	"-32657990"	"-47301412"	"-23190677"	"-33853415"	"-41071028"
"Commissions Expense"	"Software"	"USD"	"2014"	"Actuals"	"-3225544"	"-3006614"	"-4716518"	"-2637046"	"-2192406"	"-3440909"	"-2564854"	"-3195750"	"-4621559"	"-2594599"	"-3474868"	"-3954659"
"Payroll Expense"	"Software"	"USD"	"2014"	"Actuals"	"-8214482"	"-6991832"	"-9881604"	"-6021642"	"-5967905"	"-8792535"	"-6362428"	"-7854754"	"-10736101"	"-6185030"	"-8422442"	"-8853593"
"Travel & Entertainment Expense"	"Software"	"USD"	"2014"	"Actuals"	"-812381"	"-823867"	"-1084164"	"-547555"	"-657107"	"-785991"	"-693944"	"-790029"	"-1063936"	"-528306"	"-837702"	"-949150"
"R&D Expense"	"Software"	"USD"	"2014"	"Actuals"	"-3200785"	"-3236733"	"-4576715"	"-2677342"	"-2564086"	"-3201135"	"-2673923"	"-2759863"	"-4136323"	"-2161622"	"-2908571"	"-3459881"
"Consulting Expense"	"Software"	"USD"	"2014"	"Actuals"	"-4510094"	"-4148358"	"-5977214"	"-2757866"	"-2721806"	"-3827683"	"-3316938"	"-3803865"	"-5738434"	"-3196559"	"-3787807"	"-4251787"
"Software/Hardware Expense"	"Software"	"USD"	"2014"	"Actuals"	"-5157077"	"-4893590"	"-7177731"	"-4525995"	"-3788018"	"-5727447"	"-5302649"	"-5621094"	"-7901949"	"-4053787"	"-5484871"	"-5860902"
"Marketing Expense"	"Software"	"USD"	"2014"	"Actuals"	"-1561407"	"-1626403"	"-2267623"	"-1199024"	"-1272883"	"-1678802"	"-1497786"	"-1414558"	"-2426938"	"-1075041"	"-1500397"	"-1915308"
"Sales"	"Advertising"	"USD"	"2014"	"Actuals"	"18250804"	"14868472"	"28056752"	"14223850"	"13323772"	"14766253"	"16977276"	"16188777"	"29634268"	"11064289"	"19952311"	"20041776"
"Cost of Goods Sold"	"Advertising"	"USD"	"2014"	"Actuals"	"-7843283"	"-6796938"	"-12240526"	"-6869228"	"-5372673"	"-6236231"	"-7200608"	"-6556026"	"-13129869"	"-4676077"	"-9364018"	"-9803799"
"Commissions Expense"	"Advertising"	"USD"	"2014"	"Actuals"	"-883645"	"-676768"	"-1122338"	"-683326"	"-609325"	"-684846"	"-753131"	"-685580"	"-1414587"	"-442590"	"-979960"	"-943903"
"Payroll Expense"	"Advertising"	"USD"	"2014"	"Actuals"	"-2008709"	"-1487720"	"-3285627"	"-1508088"	"-1391093"	"-1775032"	"-2004898"	"-1838656"	"-3448390"	"-1361565"	"-2442401"	"-2495975"
"Travel & Entertainment Expense"	"Advertising"	"USD"	"2014"	"Actuals"	"-219648"	"-183425"	"-341821"	"-173916"	"-154994"	"-154234"	"-197334"	"-175394"	"-313187"	"-112737"	"-237479"	"-203441"
"R&D Expense"	"Advertising"	"USD"	"2014"	"Actuals"	"-878705"	"-691557"	"-1382445"	"-644432"	"-585524"	"-704915"	"-777313"	"-745066"	"-1466348"	"-520870"	"-799241"	"-926859"
"Consulting Expense"	"Advertising"	"USD"	"2014"	"Actuals"	"-1101772"	"-896778"	"-1443616"	"-741177"	"-698199"	"-899590"	"-965921"	"-952907"	"-1522010"	"-581521"	"-1167492"	"-1042503"
"Software/Hardware Expense"	"Advertising"	"USD"	"2014"	"Actuals"	"-1592251"	"-1260716"	"-2347593"	"-1012501"	"-1124904"	"-1261974"	"-1354606"	"-1335325"	"-2087610"	"-780627"	"-1615540"	"-1677444"
"Marketing Expense"	"Advertising"	"USD"	"2014"	"Actuals"	"-451604"	"-299487"	"-598692"	"-290908"	"-275494"	"-315325"	"-362086"	"-403555"	"-723809"	"-246577"	"-423325"	"-404866"
"Sales"	"Hardware"	"USD"	"2014"	"Actuals"	"25551126"	"27033586"	"35796546"	"18053348"	"17054428"	"27317568"	"18796270"	"20235971"	"32597695"	"20547965"	"28503302"	"33402960"
"Cost of Goods Sold"	"Hardware"	"USD"	"2014"	"Actuals"	"-12281785"	"-11806223"	"-16195590"	"-8716303"	"-7594755"	"-12346026"	"-8571654"	"-8792279"	"-13697258"	"-9660014"	"-12192298"	"-13616846"
"Commissions Expense"	"Hardware"	"USD"	"2014"	"Actuals"	"-1071411"	"-1096480"	"-1629789"	"-758301"	"-754325"	"-1304916"	"-823868"	"-817673"	"-1590942"	"-938741"	"-1163913"	"-1561563"
"Payroll Expense"	"Hardware"	"USD"	"2014"	"Actuals"	"-2862315"	"-2916140"	"-3680507"	"-2237785"	"-2017248"	"-2969483"	"-1933361"	"-2483806"	"-3462148"	"-2092959"	"-3143791"	"-3950404"
"Travel & Entertainment Expense"	"Hardware"	"USD"	"2014"	"Actuals"	"-295032"	"-281721"	"-360010"	"-215094"	"-177449"	"-277921"	"-210549"	"-251945"	"-394839"	"-241749"	"-339129"	"-403062"
"R&D Expense"	"Hardware"	"USD"	"2014"	"Actuals"	"-1184703"	"-1206612"	"-1706514"	"-787069"	"-719494"	"-1217784"	"-802138"	"-1010960"	"-1342224"	"-929984"	"-1347763"	"-1538947"
"Consulting Expense"	"Hardware"	"USD"	"2014"	"Actuals"	"-1396550"	"-1412122"	"-1960177"	"-1021805"	"-1016393"	"-1460281"	"-1158758"	"-1212490"	"-1926307"	"-1095283"	"-1655140"	"-2087346"
"Software/Hardware Expense"	"Hardware"	"USD"	"2014"	"Actuals"	"-2055703"	"-1910219"	"-2832136"	"-1380565"	"-1364825"	"-2260644"	"-1615169"	"-1655450"	"-2372522"	"-1789944"	"-2194746"	"-2825224"
"Marketing Expense"	"Hardware"	"USD"	"2014"	"Actuals"	"-551509"	"-553460"	"-858779"	"-444914"	"-346671"	"-561327"	"-421945"	"-459673"	"-699116"	"-436835"	"-646474"	"-790325"
"Sales"	"Software"	"USD"	"2015"	"Actuals"	"56564696"	"53003500"	"57123654"	"51517884"	"86240365"	"83822589"	"99534990"	"56551959"	"75595351"	"87960046"	"75992432"	"87753553"
"Cost of Goods Sold"	"Software"	"USD"	"2015"	"Actuals"	"-26025524"	"-24023570"	"-23452691"	"-24109262"	"-38340811"	"-34138458"	"-48369463"	"-26510883"	"-31307040"	"-36132005"	"-37770955"	"-35668763"
"Commissions Expense"	"Software"	"USD"	"2015"	"Actuals"	"-2693681"	"-2344026"	"-2342553"	"-2075015"	"-3959339"	"-3442089"	"-4021826"	"-2656419"	"-3439053"	"-3864192"	"-3553160"	"-4368917"
"Payroll Expense"	"Software"	"USD"	"2015"	"Actuals"	"-6107421"	"-5810585"	"-7021257"	"-6051373"	"-10773242"	"-9081939"	"-10994327"	"-6548834"	"-7861085"	"-9613130"	"-9183322"	"-9278911"
"Travel & Entertainment Expense"	"Software"	"USD"	"2015"	"Actuals"	"-587893"	"-545279"	"-588026"	"-545095"	"-985449"	"-855026"	"-1098610"	"-701066"	"-809897"	"-1016017"	"-880356"	"-987089"
"R&D Expense"	"Software"	"USD"	"2015"	"Actuals"	"-2724738"	"-2462961"	"-2377917"	"-2391429"	"-4192334"	"-3632483"	"-3981861"	"-2692169"	"-3621911"	"-3866225"	"-3114375"	"-3960801"
"Consulting Expense"	"Software"	"USD"	"2015"	"Actuals"	"-3196353"	"-3030650"	"-3299636"	"-2687879"	"-5147180"	"-4667697"	"-5350859"	"-3211296"	"-4194381"	"-5144107"	"-3882597"	"-4467813"
"Software/Hardware Expense"	"Software"	"USD"	"2015"	"Actuals"	"-4765178"	"-3830881"	"-4742612"	"-4411760"	"-7247016"	"-7070792"	"-7460187"	"-4155646"	"-6058210"	"-6830492"	"-5760591"	"-7218683"
"Marketing Expense"	"Software"	"USD"	"2015"	"Actuals"	"-1373322"	"-1152623"	"-1366324"	"-1216887"	"-1771647"	"-1846409"	"-2254182"	"-1313623"	"-1753534"	"-1859575"	"-1782794"	"-2038375"
"Sales"	"Advertising"	"USD"	"2015"	"Actuals"	"13575527"	"13250875"	"12567204"	"11849113"	"17248073"	"22632099"	"29860497"	"11875911"	"21166698"	"21110411"	"18998108"	"20183317"
"Cost of Goods Sold"	"Advertising"	"USD"	"2015"	"Actuals"	"-6729976"	"-6401417"	"-5214635"	"-5538678"	"-8186261"	"-10063433"	"-14362489"	"-5530666"	"-10502083"	"-10387292"	"-7767663"	"-9444026"
"Commissions Expense"	"Advertising"	"USD"	"2015"	"Actuals"	"-573757"	"-581423"	"-551830"	"-577052"	"-788385"	"-946266"	"-1320510"	"-513412"	"-965560"	"-992444"	"-880529"	"-838505"
"Payroll Expense"	"Advertising"	"USD"	"2015"	"Actuals"	"-1568759"	"-1452547"	"-1515316"	"-1374790"	"-1918417"	"-2647780"	"-3326590"	"-1280946"	"-2625789"	"-2383045"	"-2237769"	"-2381177"
"Travel & Entertainment Expense"	"Advertising"	"USD"	"2015"	"Actuals"	"-158356"	"-153332"	"-156029"	"-135853"	"-212057"	"-251822"	"-317201"	"-144379"	"-235638"	"-237761"	"-194390"	"-241255"
"R&D Expense"	"Advertising"	"USD"	"2015"	"Actuals"	"-628560"	"-607225"	"-605967"	"-523211"	"-761411"	"-942950"	"-1259315"	"-593077"	"-932114"	"-888540"	"-848637"	"-811089"
"Consulting Expense"	"Advertising"	"USD"	"2015"	"Actuals"	"-840546"	"-680213"	"-638286"	"-639841"	"-1072470"	"-1382250"	"-1632544"	"-636013"	"-1152236"	"-1315230"	"-1048976"	"-1063853"
"Software/Hardware Expense"	"Advertising"	"USD"	"2015"	"Actuals"	"-1050093"	"-1048268"	"-966784"	"-928678"	"-1460786"	"-1852892"	"-2327627"	"-836034"	"-1595638"	"-1616163"	"-1534232"	"-1707959"
"Marketing Expense"	"Advertising"	"USD"	"2015"	"Actuals"	"-275227"	"-327777"	"-292639"	"-286019"	"-377546"	"-453403"	"-714292"	"-263464"	"-517575"	"-425453"	"-389907"	"-456591"
"Sales"	"Hardware"	"USD"	"2015"	"Actuals"	"16969409"	"20671365"	"21706989"	"16485723"	"33633742"	"25985003"	"30855847"	"22620784"	"30238140"	"33424817"	"28877124"	"31591279"
"Cost of Goods Sold"	"Hardware"	"USD"	"2015"	"Actuals"	"-7450571"	"-10294064"	"-9221253"	"-7725376"	"-13917348"	"-12519321"	"-13571742"	"-9837654"	"-12678165"	"-16340698"	"-12993746"	"-13172331"
"Commissions Expense"	"Hardware"	"USD"	"2015"	"Actuals"	"-715290"	"-904129"	"-931252"	"-711157"	"-1659270"	"-1221659"	"-1350283"	"-929404"	"-1347979"	"-1470024"	"-1389785"	"-1287585"
"Payroll Expense"	"Hardware"	"USD"	"2015"	"Actuals"	"-1988528"	"-2459353"	"-2709458"	"-2003559"	"-3552022"	"-2709456"	"-3252981"	"-2779126"	"-3172400"	"-3896025"	"-3318030"	"-3813684"
"Travel & Entertainment Expense"	"Hardware"	"USD"	"2015"	"Actuals"	"-205282"	"-225837"	"-227747"	"-169757"	"-347847"	"-269530"	"-324152"	"-253011"	"-324488"	"-370035"	"-330614"	"-360629"
"R&D Expense"	"Hardware"	"USD"	"2015"	"Actuals"	"-723600"	"-1004867"	"-965808"	"-689206"	"-1499915"	"-1141605"	"-1507171"	"-1075555"	"-1237536"	"-1515831"	"-1394273"	"-1442698"
"Consulting Expense"	"Hardware"	"USD"	"2015"	"Actuals"	"-1017910"	"-1145770"	"-1136471"	"-873995"	"-1914496"	"-1546855"	"-1592349"	"-1318910"	"-1733965"	"-2010672"	"-1596932"	"-1693505"
"Software/Hardware Expense"	"Hardware"	"USD"	"2015"	"Actuals"	"-1206195"	"-1591750"	"-1622068"	"-1226905"	"-2863033"	"-2160356"	"-2268443"	"-1907784"	"-2503681"	"-2409168"	"-2141293"	"-2275942"
"Marketing Expense"	"Hardware"	"USD"	"2015"	"Actuals"	"-361779"	"-465522"	"-435154"	"-387703"	"-771709"	"-598031"	"-742056"	"-491851"	"-630665"	"-803064"	"-602653"	"-683941"
"Sales"	"Software"	"USD"	"2016"	"Actuals"	"81655883"	"83561516"	"61969697"	"63610791"	"86214061"	"90524362"	"96670862"	"98454552"	"87844733"	"87853084"	"51372015"	"84700526"
"Cost of Goods Sold"	"Software"	"USD"	"2016"	"Actuals"	"-38152005"	"-36699482"	"-26110465"	"-26145811"	"-40139858"	"-39539223"	"-44836102"	"-40988911"	"-41450728"	"-39579231"	"-22047375"	"-40435685"
"Commissions Expense"	"Software"	"USD"	"2016"	"Actuals"	"-3341830"	"-3367712"	"-3012406"	"-2916215"	"-3678680"	"-4445902"	"-4606371"	"-4440472"	"-3909828"	"-3623312"	"-2189989"	"-3526159"
"Payroll Expense"	"Software"	"USD"	"2016"	"Actuals"	"-8921600"	"-9786168"	"-7486614"	"-7556025"	"-9181290"	"-9459380"	"-9844151"	"-11206389"	"-9392546"	"-10596859"	"-6122880"	"-9147690"
"Travel & Entertainment Expense"	"Software"	"USD"	"2016"	"Actuals"	"-818929"	"-966024"	"-654648"	"-664349"	"-946095"	"-942468"	"-1062404"	"-1074006"	"-1051917"	"-1038774"	"-587646"	"-958050"
"R&D Expense"	"Software"	"USD"	"2016"	"Actuals"	"-3683094"	"-4113810"	"-2921017"	"-2963375"	"-4130479"	"-3623041"	"-4437334"	"-4585982"	"-3983309"	"-3581303"	"-2334662"	"-3982432"
"Consulting Expense"	"Software"	"USD"	"2016"	"Actuals"	"-4657393"	"-4809923"	"-3513189"	"-3762203"	"-4709694"	"-4861754"	"-6015899"	"-6024947"	"-4995099"	"-4476716"	"-3081661"	"-4598465"
"Software/Hardware Expense"	"Software"	"USD"	"2016"	"Actuals"	"-6635711"	"-6811558"	"-5169120"	"-4461078"	"-6428260"	"-7226569"	"-7271478"	"-7234272"	"-7651080"	"-7315956"	"-4150345"	"-7372199"
"Marketing Expense"	"Software"	"USD"	"2016"	"Actuals"	"-1704389"	"-1870382"	"-1528250"	"-1331140"	"-1910352"	"-1853220"	"-2355911"	"-2020196"	"-1806635"	"-2153880"	"-1244194"	"-2026172"
"Sales"	"Advertising"	"USD"	"2016"	"Actuals"	"20413971"	"18383534"	"15492424"	"16538806"	"17242812"	"26252065"	"26101133"	"26582729"	"23718078"	"24598864"	"12843004"	"18634116"
"Cost of Goods Sold"	"Advertising"	"USD"	"2016"	"Actuals"	"-8524021"	"-8516858"	"-6701327"	"-8243024"	"-8514600"	"-12755210"	"-12071942"	"-12906190"	"-10492468"	"-11272305"	"-6080186"	"-8918973"
"Commissions Expense"	"Advertising"	"USD"	"2016"	"Actuals"	"-941449"	"-887985"	"-710304"	"-703199"	"-802703"	"-1110078"	"-1236047"	"-1269614"	"-999276"	"-1060656"	"-634536"	"-754854"
"Payroll Expense"	"Advertising"	"USD"	"2016"	"Actuals"	"-2536097"	"-2115231"	"-1737031"	"-1784309"	"-1880938"	"-3062612"	"-2803819"	"-2677425"	"-2631419"	"-2469520"	"-1439108"	"-2142808"
"Travel & Entertainment Expense"	"Advertising"	"USD"	"2016"	"Actuals"	"-205336"	"-194814"	"-193218"	"-183673"	"-189826"	"-284932"	"-280179"	"-311287"	"-285374"	"-296625"	"-142198"	"-226382"
"R&D Expense"	"Advertising"	"USD"	"2016"	"Actuals"	"-851979"	"-905765"	"-710782"	"-775323"	"-798120"	"-1110337"	"-1084014"	"-1222396"	"-1026824"	"-1130889"	"-526140"	"-887310"
"Consulting Expense"	"Advertising"	"USD"	"2016"	"Actuals"	"-1231645"	"-1088760"	"-892572"	"-1033128"	"-1048111"	"-1490618"	"-1380862"	"-1524075"	"-1466230"	"-1289535"	"-724095"	"-1163422"
"Software/Hardware Expense"	"Advertising"	"USD"	"2016"	"Actuals"	"-1760584"	"-1456013"	"-1085771"	"-1337440"	"-1406326"	"-2265055"	"-1986127"	"-2165067"	"-1996836"	"-1966531"	"-1083014"	"-1464640"
"Marketing Expense"	"Advertising"	"USD"	"2016"	"Actuals"	"-487605"	"-439530"	"-319530"	"-366239"	"-365704"	"-593597"	"-645238"	"-588468"	"-508124"	"-492524"	"-271335"	"-390316"
"Sales"	"Hardware"	"USD"	"2016"	"Actuals"	"31845794"	"30082146"	"18590909"	"19719345"	"31899203"	"28967796"	"35768219"	"34459093"	"27231867"	"29870049"	"16952765"	"32186200"
"Cost of Goods Sold"	"Hardware"	"USD"	"2016"	"Actuals"	"-13200712"	"-12724470"	"-8005672"	"-8313897"	"-13789811"	"-12486225"	"-14967747"	"-16272271"	"-13336587"	"-14070961"	"-7089539"	"-13748549"
"Commissions Expense"	"Hardware"	"USD"	"2016"	"Actuals"	"-1382258"	"-1379467"	"-909010"	"-890247"	"-1385535"	"-1190803"	"-1478432"	"-1441730"	"-1319597"	"-1318334"	"-716994"	"-1489139"
"Payroll Expense"	"Hardware"	"USD"	"2016"	"Actuals"	"-3529710"	"-3352789"	"-2066872"	"-2137102"	"-3900848"	"-3360650"	"-4456741"	"-4184978"	"-2924927"	"-3047539"	"-1933137"	"-3711354"
"Travel & Entertainment Expense"	"Hardware"	"USD"	"2016"	"Actuals"	"-360600"	"-355602"	"-225838"	"-214931"	"-385660"	"-318347"	"-416340"	"-345090"	"-319634"	"-339599"	"-205616"	"-397272"
"R&D Expense"	"Hardware"	"USD"	"2016"	"Actuals"	"-1448404"	"-1354372"	"-843964"	"-793282"	"-1336026"	"-1175987"	"-1479244"	"-1546344"	"-1131760"	"-1471727"	"-821928"	"-1349035"
"Consulting Expense"	"Hardware"	"USD"	"2016"	"Actuals"	"-1648622"	"-1786593"	"-1136110"	"-1080438"	"-1938602"	"-1649632"	"-1997676"	"-2104863"	"-1516483"	"-1584186"	"-985271"	"-1919097"
"Software/Hardware Expense"	"Hardware"	"USD"	"2016"	"Actuals"	"-2309056"	"-2423602"	"-1559611"	"-1703087"	"-2723160"	"-2034072"	"-2704842"	"-2801318"	"-2243456"	"-2327951"	"-1466294"	"-2665088"
"Marketing Expense"	"Hardware"	"USD"	"2016"	"Actuals"	"-741378"	"-643670"	"-387401"	"-424256"	"-741907"	"-614784"	"-893758"	"-799193"	"-553098"	"-643339"	"-417847"	"-692029"
"Sales"	"Software"	"USD"	"2017"	"Actuals"	"90594765"	"64091321"	"90832224"	"90566899"	"61790341"	"89637185"	"97015607"	"57860421"	"93873947"	"56762897"	"74155238"	"99732691"
"Cost of Goods Sold"	"Software"	"USD"	"2017"	"Actuals"	"-39951806"	"-30670039"	"-38962942"	"-38993954"	"-30894645"	"-42444634"	"-47268030"	"-25201882"	"-42405906"	"-26532237"	"-33578994"	"-40232513"
"Commissions Expense"	"Software"	"USD"	"2017"	"Actuals"	"-4200214"	"-3202859"	"-3773718"	"-3631480"	"-2998975"	"-3862374"	"-4168148"	"-2328089"	"-4439610"	"-2553968"	"-3433607"	"-4346873"
"Payroll Expense"	"Software"	"USD"	"2017"	"Actuals"	"-9773658"	"-7625235"	"-9175082"	"-10606715"	"-7184780"	"-8981143"	"-11594344"	"-6449339"	"-11285602"	"-6584691"	"-8971630"	"-11594872"
"Travel & Entertainment Expense"	"Software"	"USD"	"2017"	"Actuals"	"-1011934"	"-681792"	"-964632"	"-1071676"	"-618377"	"-935846"	"-1181022"	"-585603"	"-1064714"	"-640750"	"-863683"	"-1014103"
"R&D Expense"	"Software"	"USD"	"2017"	"Actuals"	"-4172768"	"-2645823"	"-4323239"	"-3683650"	"-2610683"	"-3792727"	"-4293112"	"-2846435"	"-4283488"	"-2423797"	"-3357266"	"-4441468"
"Consulting Expense"	"Software"	"USD"	"2017"	"Actuals"	"-5202064"	"-3712680"	"-5671365"	"-5347644"	"-3808190"	"-4711668"	"-6016591"	"-3209594"	"-5650365"	"-3478094"	"-4533548"	"-5854118"
"Software/Hardware Expense"	"Software"	"USD"	"2017"	"Actuals"	"-6815756"	"-4840574"	"-6818595"	"-6537701"	"-4506878"	"-6673167"	"-7844506"	"-4267450"	"-7389303"	"-4761855"	"-5368585"	"-7437361"
"Marketing Expense"	"Software"	"USD"	"2017"	"Actuals"	"-2126102"	"-1571597"	"-1909683"	"-1950375"	"-1267839"	"-2206505"	"-2311953"	"-1337686"	"-2110424"	"-1215239"	"-1688551"	"-2310478"
"Sales"	"Advertising"	"USD"	"2017"	"Actuals"	"21742744"	"17304657"	"23616378"	"26264401"	"14211778"	"19720181"	"19403121"	"15043709"	"25345966"	"11352579"	"19280362"	"27925153"
"Cost of Goods Sold"	"Advertising"	"USD"	"2017"	"Actuals"	"-9733073"	"-7319150"	"-9538845"	"-10780711"	"-6715269"	"-7919308"	"-9007474"	"-6627053"	"-11225719"	"-5419873"	"-8415726"	"-11619625"
"Commissions Expense"	"Advertising"	"USD"	"2017"	"Actuals"	"-997908"	"-722794"	"-1156017"	"-1160645"	"-583037"	"-890851"	"-877624"	"-615771"	"-1070440"	"-566381"	"-923583"	"-1264328"
"Payroll Expense"	"Advertising"	"USD"	"2017"	"Actuals"	"-2275216"	"-1900402"	"-2684124"	"-2725657"	"-1725315"	"-2308388"	"-2313499"	"-1869056"	"-2612036"	"-1255719"	"-2164141"	"-3382499"
"Travel & Entertainment Expense"	"Advertising"	"USD"	"2017"	"Actuals"	"-241370"	"-201204"	"-254089"	"-316915"	"-155835"	"-207613"	"-207549"	"-168184"	"-254264"	"-130948"	"-192816"	"-345557"
"R&D Expense"	"Advertising"	"USD"	"2017"	"Actuals"	"-981507"	"-800779"	"-1036791"	"-1126434"	"-689387"	"-851864"	"-847534"	"-648186"	"-1181485"	"-521786"	"-908073"	"-1316006"
"Consulting Expense"	"Advertising"	"USD"	"2017"	"Actuals"	"-1260803"	"-887301"	"-1380264"	"-1318077"	"-739907"	"-1082894"	"-1002999"	"-928770"	"-1457766"	"-689135"	"-1121473"	"-1741924"
"Software/Hardware Expense"	"Advertising"	"USD"	"2017"	"Actuals"	"-1775770"	"-1442574"	"-1726011"	"-2270737"	"-1088722"	"-1586631"	"-1464615"	"-1067050"	"-2213537"	"-960228"	"-1352565"	"-2173270"
"Marketing Expense"	"Advertising"	"USD"	"2017"	"Actuals"	"-483691"	"-372543"	"-545725"	"-535319"	"-297206"	"-401618"	"-417457"	"-362171"	"-556569"	"-247191"	"-397019"	"-605393"
"Sales"	"Hardware"	"USD"	"2017"	"Actuals"	"35331958"	"24354702"	"33607923"	"36226760"	"22862426"	"33165758"	"38806243"	"17358126"	"29100924"	"19299385"	"26695886"	"31914461"
"Cost of Goods Sold"	"Hardware"	"USD"	"2017"	"Actuals"	"-14981390"	"-11768480"	"-13481513"	"-15681576"	"-10257861"	"-14264605"	"-19353821"	"-8653531"	"-13737554"	"-7848305"	"-11711526"	"-15747097"
"Commissions Expense"	"Hardware"	"USD"	"2017"	"Actuals"	"-1587761"	"-1170710"	"-1624574"	"-1691834"	"-1049741"	"-1359614"	"-1758131"	"-711793"	"-1388918"	"-779205"	"-1144606"	"-1522730"
"Payroll Expense"	"Hardware"	"USD"	"2017"	"Actuals"	"-4033118"	"-2804073"	"-4114440"	"-4458834"	"-2464577"	"-3718795"	"-4094125"	"-1938707"	"-3630932"	"-1950807"	"-2705544"	"-3793540"
"Travel & Entertainment Expense"	"Hardware"	"USD"	"2017"	"Actuals"	"-398121"	"-274894"	"-376456"	"-391528"	"-237490"	"-368441"	"-448153"	"-216891"	"-307907"	"-218441"	"-324610"	"-329602"
"R&D Expense"	"Hardware"	"USD"	"2017"	"Actuals"	"-1635112"	"-1019814"	"-1426689"	"-1679837"	"-1135315"	"-1541375"	"-1814752"	"-836674"	"-1253636"	"-853717"	"-1294484"	"-1425518"
"Consulting Expense"	"Hardware"	"USD"	"2017"	"Actuals"	"-1927676"	"-1328400"	"-2069551"	"-1887355"	"-1156009"	"-1784928"	"-2248306"	"-910768"	"-1580888"	"-1158277"	"-1560426"	"-1837473"
"Software/Hardware Expense"	"Hardware"	"USD"	"2017"	"Actuals"	"-3044114"	"-1819545"	"-2617322"	"-2755287"	"-1805785"	"-2873587"	"-2847737"	"-1476154"	"-2221842"	"-1549413"	"-2203496"	"-2541935"
"Marketing Expense"	"Hardware"	"USD"	"2017"	"Actuals"	"-776342"	"-495765"	"-711063"	"-748765"	"-469993"	"-773003"	"-859144"	"-386918"	"-662455"	"-414101"	"-546738"	"-757113"
"Sales"	"Software"	"USD"	"2018"	"Actuals"	"66435319"	"60115140"	"90236987"	"54994813"	"77231074"	"97709573"	"64318085"	"79972600"	"62710249"	"73998780"	"82673488"	"70499145"
"Cost of Goods Sold"	"Software"	"USD"	"2018"	"Actuals"	"-27104860"	"-25436907"	"-38384450"	"-23720725"	"-36998377"	"-46943978"	"-31836477"	"-36494840"	"-29353102"	"-35974519"	"-40171071"	"-30494072"
"Commissions Expense"	"Software"	"USD"	"2018"	"Actuals"	"-2713289"	"-2643762"	"-4018302"	"-2737615"	"-3424073"	"-4573850"	"-2772432"	"-3672921"	"-2644431"	"-3537843"	"-4098546"	"-3359690"
"Payroll Expense"	"Software"	"USD"	"2018"	"Actuals"	"-8280603"	"-6867597"	"-10628214"	"-6468370"	"-8682088"	"-11568082"	"-7856495"	"-8885299"	"-6676267"	"-8373131"	"-8920804"	"-8578713"
"Travel & Entertainment Expense"	"Software"	"USD"	"2018"	"Actuals"	"-761347"	"-628778"	"-1073369"	"-560203"	"-871981"	"-1080688"	"-688880"	"-947587"	"-676254"	"-923896"	"-962429"	"-855002"
"R&D Expense"	"Software"	"USD"	"2018"	"Actuals"	"-3297070"	"-2664533"	"-3735439"	"-2501090"	"-3836860"	"-4417304"	"-2616145"	"-3898946"	"-2650136"	"-3476472"	"-3736829"	"-3209049"
"Consulting Expense"	"Software"	"USD"	"2018"	"Actuals"	"-3652403"	"-3552663"	"-5623204"	"-3054682"	"-4799777"	"-5403494"	"-3641178"	"-4648622"	"-3871484"	"-4221212"	"-4985822"	"-4096376"
"Software/Hardware Expense"	"Software"	"USD"	"2018"	"Actuals"	"-5091475"	"-4367071"	"-6833347"	"-4733816"	"-5744222"	"-6903913"	"-4696016"	"-6896595"	"-5081194"	"-5804680"	"-6640954"	"-5266263"
"Marketing Expense"	"Software"	"USD"	"2018"	"Actuals"	"-1645124"	"-1278801"	"-2131484"	"-1100717"	"-1826309"	"-2015110"	"-1398743"	"-1918888"	"-1344274"	"-1671309"	"-1653663"	"-1643350"
"Sales"	"Advertising"	"USD"	"2018"	"Actuals"	"16608830"	"16832239"	"25266356"	"10998963"	"16990836"	"25404489"	"14149979"	"23991780"	"16304665"	"19979671"	"23148577"	"19739761"
"Cost of Goods Sold"	"Advertising"	"USD"	"2018"	"Actuals"	"-8236344"	"-8042610"	"-12117107"	"-4675346"	"-7100562"	"-12588151"	"-6704128"	"-9779210"	"-6610140"	"-8562162"	"-10079814"	"-9396643"
"Commissions Expense"	"Advertising"	"USD"	"2018"	"Actuals"	"-766208"	"-784700"	"-1035635"	"-524075"	"-787515"	"-1019983"	"-649211"	"-1055240"	"-806585"	"-868806"	"-1036773"	"-865246"
"Payroll Expense"	"Advertising"	"USD"	"2018"	"Actuals"	"-1687861"	"-1908906"	"-3099461"	"-1158181"	"-2113347"	"-3001777"	"-1491212"	"-2710528"	"-1710242"	"-2053307"	"-2397887"	"-2075965"
"Travel & Entertainment Expense"	"Advertising"	"USD"	"2018"	"Actuals"	"-178587"	"-177141"	"-265218"	"-116156"	"-182402"	"-286611"	"-172955"	"-254330"	"-201909"	"-219276"	"-272949"	"-226471"
"R&D Expense"	"Advertising"	"USD"	"2018"	"Actuals"	"-822885"	"-719356"	"-1228124"	"-506867"	"-775835"	"-1025959"	"-702957"	"-989842"	"-748322"	"-838544"	"-1076008"	"-878808"
"Consulting Expense"	"Advertising"	"USD"	"2018"	"Actuals"	"-878445"	"-1015003"	"-1544184"	"-624903"	"-981395"	"-1409322"	"-769986"	"-1360544"	"-823428"	"-1191494"	"-1337302"	"-1224978"
"Software/Hardware Expense"	"Advertising"	"USD"	"2018"	"Actuals"	"-1383309"	"-1184231"	"-2046108"	"-895975"	"-1219125"	"-2071773"	"-1049534"	"-1731716"	"-1319856"	"-1570667"	"-1745114"	"-1554713"
"Marketing Expense"	"Advertising"	"USD"	"2018"	"Actuals"	"-372008"	"-360544"	"-570065"	"-262663"	"-396364"	"-550129"	"-307493"	"-531975"	"-399869"	"-436804"	"-506081"	"-467366"
"Sales"	"Hardware"	"USD"	"2018"	"Actuals"	"22588008"	"21641450"	"27071096"	"20348081"	"30120119"	"31267063"	"23797691"	"28790136"	"23829895"	"25899573"	"33069395"	"26084684"
"Cost of Goods Sold"	"Hardware"	"USD"	"2018"	"Actuals"	"-10265791"	"-9595925"	"-12320892"	"-9627717"	"-12962874"	"-13064551"	"-9571992"	"-12221156"	"-11418990"	"-12077910"	"-16179555"	"-10510360"
"Commissions Expense"	"Hardware"	"USD"	"2018"	"Actuals"	"-1109715"	"-990616"	"-1310557"	"-982150"	"-1364098"	"-1391285"	"-1187160"	"-1378779"	"-1128203"	"-1221475"	"-1462497"	"-1098303"
"Payroll Expense"	"Hardware"	"USD"	"2018"	"Actuals"	"-2815912"	"-2488177"	"-2965661"	"-2283610"	"-3049013"	"-3229385"	"-2723303"	"-3347966"	"-2808206"	"-2898991"	"-3824182"	"-3110761"
"Travel & Entertainment Expense"	"Hardware"	"USD"	"2018"	"Actuals"	"-277101"	"-268307"	"-300695"	"-226664"	"-330688"	"-356708"	"-270129"	"-330116"	"-264694"	"-268441"	"-394967"	"-294530"
"R&D Expense"	"Hardware"	"USD"	"2018"	"Actuals"	"-1046413"	"-1064705"	"-1317015"	"-983951"	"-1474255"	"-1337033"	"-1172106"	"-1205747"	"-1043533"	"-1076071"	"-1635486"	"-1206801"
"Consulting Expense"	"Hardware"	"USD"	"2018"	"Actuals"	"-1137395"	"-1145692"	"-1437771"	"-1170661"	"-1752088"	"-1811436"	"-1373270"	"-1462352"	"-1439071"	"-1542875"	"-1812241"	"-1339934"
"Software/Hardware Expense"	"Hardware"	"USD"	"2018"	"Actuals"	"-1730428"	"-1612677"	"-2147516"	"-1745476"	"-2269548"	"-2465032"	"-1914360"	"-2183078"	"-1990329"	"-1869047"	"-2468988"	"-1921595"
"Marketing Expense"	"Hardware"	"USD"	"2018"	"Actuals"	"-549275"	"-522414"	"-595592"	"-499668"	"-604911"	"-719662"	"-588651"	"-600730"	"-590466"	"-576820"	"-783592"	"-563187"
"Sales"	"Software"	"USD"	"2019"	"Actuals"	"93925775"	"74821680"	"85600673"	"76646440"	"79863817"	"55912270"	"79685077"	"75122784"	"67143263"	"86159862"	"76968833"	"69967979"
"Cost of Goods Sold"	"Software"	"USD"	"2019"	"Actuals"	"-44392971"	"-32181042"	"-35760851"	"-35264635"	"-35248824"	"-23149330"	"-34752454"	"-34860156"	"-27438935"	"-39136737"	"-31245199"	"-30213783"
"Commissions Expense"	"Software"	"USD"	"2019"	"Actuals"	"-4343758"	"-3359430"	"-3895028"	"-3677401"	"-3875744"	"-2739844"	"-3745877"	"-3435719"	"-3318784"	"-3556874"	"-3543487"	"-3170203"
"Payroll Expense"	"Software"	"USD"	"2019"	"Actuals"	"-10410570"	"-7492567"	"-9830922"	"-8236178"	"-9111360"	"-5732127"	"-9582968"	"-8080224"	"-8219184"	"-8720852"	"-8289269"	"-7400943"
"Travel & Entertainment Expense"	"Software"	"USD"	"2019"	"Actuals"	"-1013731"	"-791949"	"-1022834"	"-918382"	"-840954"	"-561209"	"-939529"	"-768568"	"-832059"	"-975463"	"-913816"	"-775184"
"R&D Expense"	"Software"	"USD"	"2019"	"Actuals"	"-4644817"	"-3595006"	"-3948370"	"-3595290"	"-3639614"	"-2496842"	"-3301698"	"-3520724"	"-2763529"	"-4269633"	"-3402942"	"-3029013"
"Consulting Expense"	"Software"	"USD"	"2019"	"Actuals"	"-4979698"	"-4435793"	"-4778009"	"-4754163"	"-4664933"	"-2931067"	"-4639082"	"-3992375"	"-3635430"	"-4790506"	"-3919710"	"-3675104"
"Software/Hardware Expense"	"Software"	"USD"	"2019"	"Actuals"	"-7407369"	"-6226870"	"-7033820"	"-6283426"	"-6682029"	"-4138949"	"-5590768"	"-5268218"	"-4841180"	"-6750935"	"-6303933"	"-5630389"
"Marketing Expense"	"Software"	"USD"	"2019"	"Actuals"	"-1956457"	"-1720137"	"-2128417"	"-1672934"	"-1630486"	"-1155823"	"-1933737"	"-1641920"	"-1480543"	"-1809342"	"-1570718"	"-1633705"
"Sales"	"Advertising"	"USD"	"2019"	"Actuals"	"20663671"	"20950070"	"25680202"	"22993932"	"16771402"	"14537190"	"22311822"	"15775785"	"15442950"	"18093571"	"16933143"	"14693276"
"Cost of Goods Sold"	"Advertising"	"USD"	"2019"	"Actuals"	"-8508915"	"-10304746"	"-12517373"	"-9859051"	"-6865712"	"-6772562"	"-8950825"	"-7590684"	"-7132203"	"-7942616"	"-7868673"	"-6027183"
"Commissions Expense"	"Advertising"	"USD"	"2019"	"Actuals"	"-907552"	"-996432"	"-1050172"	"-1007411"	"-685653"	"-720826"	"-924673"	"-770345"	"-734261"	"-899147"	"-808478"	"-706131"
"Payroll Expense"	"Advertising"	"USD"	"2019"	"Actuals"	"-2448583"	"-2391536"	"-2851891"	"-2338942"	"-1988754"	"-1512300"	"-2373330"	"-1709943"	"-1561720"	"-2224218"	"-2066473"	"-1477534"
"Travel & Entertainment Expense"	"Advertising"	"USD"	"2019"	"Actuals"	"-232296"	"-221176"	"-259024"	"-239313"	"-173459"	"-145469"	"-276387"	"-181197"	"-167260"	"-199198"	"-173160"	"-156797"
"R&D Expense"	"Advertising"	"USD"	"2019"	"Actuals"	"-896638"	"-945985"	"-1072491"	"-1138580"	"-765907"	"-590365"	"-926585"	"-715140"	"-691264"	"-778336"	"-702619"	"-644524"
"Consulting Expense"	"Advertising"	"USD"	"2019"	"Actuals"	"-1036658"	"-1191081"	"-1453675"	"-1419262"	"-938782"	"-763861"	"-1141341"	"-909348"	"-801672"	"-1077622"	"-899513"	"-770599"
"Software/Hardware Expense"	"Advertising"	"USD"	"2019"	"Actuals"	"-1662699"	"-1508105"	"-2020361"	"-1703999"	"-1422906"	"-1092346"	"-1924272"	"-1220195"	"-1122540"	"-1320824"	"-1254355"	"-1248757"
"Marketing Expense"	"Advertising"	"USD"	"2019"	"Actuals"	"-474519"	"-436767"	"-574482"	"-464102"	"-383468"	"-313859"	"-475888"	"-366084"	"-329879"	"-442129"	"-387635"	"-358088"
"Sales"	"Hardware"	"USD"	"2019"	"Actuals"	"34752537"	"24691154"	"25680202"	"26826254"	"27952336"	"21246663"	"26296075"	"23288063"	"24843007"	"31017550"	"23090650"	"22389753"
"Cost of Goods Sold"	"Hardware"	"USD"	"2019"	"Actuals"	"-14132859"	"-11727435"	"-12222578"	"-13093645"	"-11370112"	"-9026733"	"-12160565"	"-10002285"	"-11921132"	"-14296442"	"-9686848"	"-9711164"
"Commissions Expense"	"Hardware"	"USD"	"2019"	"Actuals"	"-1463871"	"-1024242"	"-1101040"	"-1272176"	"-1358858"	"-1043087"	"-1221437"	"-1026974"	"-1116490"	"-1526346"	"-982952"	"-906448"
"Payroll Expense"	"Hardware"	"USD"	"2019"	"Actuals"	"-4043986"	"-3022354"	"-2798525"	"-3154983"	"-3444409"	"-2213428"	"-2708520"	"-2339885"	"-2643065"	"-3522777"	"-2616321"	"-2740005"
"Travel & Entertainment Expense"	"Hardware"	"USD"	"2019"	"Actuals"	"-381615"	"-267722"	"-278956"	"-268977"	"-338877"	"-238395"	"-279772"	"-248213"	"-268330"	"-320068"	"-282749"	"-231541"
"R&D Expense"	"Hardware"	"USD"	"2019"	"Actuals"	"-1674547"	"-1147043"	"-1157373"	"-1173747"	"-1210176"	"-1017288"	"-1201326"	"-964366"	"-1145590"	"-1406101"	"-1094642"	"-1115642"
"Consulting Expense"	"Hardware"	"USD"	"2019"	"Actuals"	"-2111557"	"-1412954"	"-1291124"	"-1397498"	"-1565368"	"-1326379"	"-1622439"	"-1226635"	"-1262100"	"-1748576"	"-1384323"	"-1324557"
"Software/Hardware Expense"	"Hardware"	"USD"	"2019"	"Actuals"	"-2621552"	"-2126728"	"-2055611"	"-2208062"	"-2194136"	"-1668825"	"-2109233"	"-1880439"	"-1804729"	"-2534420"	"-1619891"	"-1722891"
"Marketing Expense"	"Hardware"	"USD"	"2019"	"Actuals"	"-803681"	"-503961"	"-633831"	"-642450"	"-677962"	"-500671"	"-593208"	"-566165"	"-563553"	"-626673"	"-507695"	"-465617"
"Sales"	"Software"	"USD"	"2020"	"Actuals"	"71093649"	"69761443"	"67749499"	"83659411"	"50706283"	"74230386"	"51880363"	"58898540"	"56982904"	"67960764"	"58782343"	"65096491"
"Cost of Goods Sold"	"Software"	"USD"	"2020"	"Actuals"	"-34103526"	"-30206863"	"-27470575"	"-34682066"	"-21826243"	"-32436605"	"-23222375"	"-28728685"	"-23629340"	"-28163573"	"-24647818"	"-28092094"
"Commissions Expense"	"Software"	"USD"	"2020"	"Actuals"	"-3016900"	"-2897074"	"-2761210"	"-3560904"	"-2517220"	"-3437933"	"-2249876"	"-2890523"	"-2817192"	"-3178807"	"-2858642"	"-2855070"
"Payroll Expense"	"Software"	"USD"	"2020"	"Actuals"	"-8603051"	"-8541760"	"-7322344"	"-9801852"	"-5175406"	"-9241021"	"-5986060"	"-6079566"	"-5882738"	"-8279558"	"-7285772"	"-6906703"
"Travel & Entertainment Expense"	"Software"	"USD"	"2020"	"Actuals"	"-796316"	"-740890"	"-771325"	"-1023766"	"-537167"	"-840678"	"-627016"	"-672096"	"-687082"	"-827969"	"-652417"	"-684807"
"R&D Expense"	"Software"	"USD"	"2020"	"Actuals"	"-3002990"	"-3340409"	"-3004524"	"-3551194"	"-2323218"	"-3371500"	"-2449904"	"-2845127"	"-2572883"	"-3307355"	"-2605638"	"-2647248"
"Consulting Expense"	"Software"	"USD"	"2020"	"Actuals"	"-4083940"	"-4181857"	"-4200785"	"-4354377"	"-2601329"	"-4369202"	"-2990522"	"-3089502"	"-3010004"	"-3493197"	"-3343278"	"-3550075"
"Software/Hardware Expense"	"Software"	"USD"	"2020"	"Actuals"	"-5003748"	"-5633221"	"-5888134"	"-6870676"	"-4221289"	"-5755164"	"-4216369"	"-4657751"	"-4782116"	"-5305882"	"-4508253"	"-4768388"
"Marketing Expense"	"Software"	"USD"	"2020"	"Actuals"	"-1468157"	"-1469241"	"-1405114"	"-1822159"	"-1017235"	"-1738189"	"-1064356"	"-1323706"	"-1303816"	"-1536288"	"-1447553"	"-1519478"
"Sales"	"Advertising"	"USD"	"2020"	"Actuals"	"19906222"	"18137975"	"19647355"	"25097823"	"10648319"	"21526812"	"14526502"	"16491591"	"16525042"	"13592153"	"14695586"	"13019298"
"Cost of Goods Sold"	"Advertising"	"USD"	"2020"	"Actuals"	"-9592107"	"-9049303"	"-9807183"	"-11464436"	"-4745875"	"-10693878"	"-6229151"	"-7884523"	"-8201633"	"-5539328"	"-6939494"	"-6033112"
"Commissions Expense"	"Advertising"	"USD"	"2020"	"Actuals"	"-804051"	"-766774"	"-921681"	"-1085414"	"-463729"	"-1036334"	"-711009"	"-706193"	"-784668"	"-633819"	"-678505"	"-631242"
"Payroll Expense"	"Advertising"	"USD"	"2020"	"Actuals"	"-2107365"	"-2071573"	"-2428629"	"-2973881"	"-1174690"	"-2393657"	"-1495456"	"-2058910"	"-1881183"	"-1641870"	"-1587200"	"-1436411"
"Travel & Entertainment Expense"	"Advertising"	"USD"	"2020"	"Actuals"	"-211617"	"-211295"	"-229589"	"-270401"	"-122946"	"-258829"	"-176747"	"-187172"	"-194172"	"-161178"	"-149018"	"-141587"
"R&D Expense"	"Advertising"	"USD"	"2020"	"Actuals"	"-882849"	"-828192"	"-913737"	"-1198314"	"-519107"	"-889744"	"-625608"	"-818157"	"-764727"	"-613550"	"-625269"	"-540653"
"Consulting Expense"	"Advertising"	"USD"	"2020"	"Actuals"	"-1206445"	"-976986"	"-990981"	"-1537362"	"-578191"	"-1230978"	"-824107"	"-991865"	"-928975"	"-794276"	"-738682"	"-726502"
"Software/Hardware Expense"	"Advertising"	"USD"	"2020"	"Actuals"	"-1691907"	"-1377291"	"-1682587"	"-2080797"	"-912271"	"-1790551"	"-1201477"	"-1331378"	"-1375724"	"-1029583"	"-1099874"	"-971165"
"Marketing Expense"	"Advertising"	"USD"	"2020"	"Actuals"	"-405268"	"-427770"	"-436628"	"-571749"	"-215818"	"-475706"	"-313756"	"-370356"	"-361297"	"-302763"	"-310799"	"-262708"
"Sales"	"Hardware"	"USD"	"2020"	"Actuals"	"23460904"	"23718891"	"24389820"	"26771012"	"19268388"	"25238331"	"19195734"	"20614489"	"21083674"	"24465875"	"19398173"	"23434737"
"Cost of Goods Sold"	"Hardware"	"USD"	"2020"	"Actuals"	"-11301138"	"-11040566"	"-11385210"	"-12065519"	"-8004994"	"-11169399"	"-8198056"	"-9583888"	"-8854962"	"-10326236"	"-8135464"	"-9435110"
"Commissions Expense"	"Hardware"	"USD"	"2020"	"Actuals"	"-1040217"	"-1037564"	"-1012661"	"-1187032"	"-888831"	"-1025650"	"-897572"	"-943461"	"-945482"	"-1126584"	"-946140"	"-985301"
"Payroll Expense"	"Hardware"	"USD"	"2020"	"Actuals"	"-2686116"	"-2811436"	"-2564638"	"-3193324"	"-2094388"	"-2712239"	"-2266614"	"-2314678"	"-2597975"	"-3028352"	"-2170564"	"-2619732"
"Travel & Entertainment Expense"	"Hardware"	"USD"	"2020"	"Actuals"	"-261109"	"-251233"	"-284032"	"-274954"	"-222389"	"-302896"	"-215682"	"-212824"	"-237617"	"-281077"	"-230799"	"-255866"
"R&D Expense"	"Hardware"	"USD"	"2020"	"Actuals"	"-1079788"	"-967463"	"-1074051"	"-1258729"	"-829188"	"-1219308"	"-868457"	"-1002976"	"-929444"	"-984727"	"-895091"	"-998052"
"Consulting Expense"	"Hardware"	"USD"	"2020"	"Actuals"	"-1259836"	"-1466091"	"-1329954"	"-1342208"	"-968525"	"-1551135"	"-1060193"	"-1219376"	"-1176567"	"-1460487"	"-1009016"	"-1300408"
"Software/Hardware Expense"	"Hardware"	"USD"	"2020"	"Actuals"	"-1761633"	"-2015134"	"-1826370"	"-1914691"	"-1446972"	"-1896300"	"-1597721"	"-1538757"	"-1704116"	"-1897036"	"-1495845"	"-1910300"
"Marketing Expense"	"Hardware"	"USD"	"2020"	"Actuals"	"-565050"	"-523149"	"-596925"	"-643179"	"-442670"	"-528793"	"-428292"	"-448126"	"-442125"	"-526927"	"-439699"	"-491968"
"Sales"	"Software"	"USD"	"2021"	"Actuals"	"59639063"	"63214286"	"68906761"	"89830559"	"68972328"	"59933044"	"72743937"	"88182249"	"78099559"	"53303092"	"86545338"	"71448927"
"Cost of Goods Sold"	"Software"	"USD"	"2021"	"Actuals"	"-23973231"	"-30015539"	"-31134647"	"-40970359"	"-30502322"	"-27410189"	"-31991409"	"-42313803"	"-36050532"	"-22452316"	"-37931056"	"-34824020"
"Commissions Expense"	"Software"	"USD"	"2021"	"Actuals"	"-2750475"	"-2995013"	"-3278513"	"-4096853"	"-3074312"	"-2633099"	"-3191085"	"-3613606"	"-3551148"	"-2501128"	"-4117957"	"-2909146"
"Payroll Expense"	"Software"	"USD"	"2021"	"Actuals"	"-6051302"	"-6651645"	"-8229415"	"-9866087"	"-7274833"	"-7190572"	"-8102482"	"-10459385"	"-8592628"	"-6623440"	"-9176467"	"-8483908"
"Travel & Entertainment Expense"	"Software"	"USD"	"2021"	"Actuals"	"-717745"	"-784976"	"-740504"	"-1034005"	"-808709"	"-686323"	"-731485"	"-990377"	"-910664"	"-637021"	"-1007342"	"-861790"
"R&D Expense"	"Software"	"USD"	"2021"	"Actuals"	"-2960261"	"-2719473"	"-2866789"	"-4414681"	"-3351655"	"-2840401"	"-3326958"	"-3812188"	"-3316582"	"-2454320"	"-4133391"	"-3270907"
"Consulting Expense"	"Software"	"USD"	"2021"	"Actuals"	"-3649541"	"-3533553"	"-3458216"	"-5592271"	"-4005701"	"-3358984"	"-3687848"	"-4759089"	"-3918876"	"-2669925"	"-4358844"	"-3840200"
"Software/Hardware Expense"	"Software"	"USD"	"2021"	"Actuals"	"-4957360"	"-4832819"	"-4998813"	"-7119942"	"-5290282"	"-4874238"	"-5408483"	"-7479531"	"-5546489"	"-4167715"	"-6192072"	"-5068422"
"Marketing Expense"	"Software"	"USD"	"2021"	"Actuals"	"-1367303"	"-1548216"	"-1696682"	"-1972953"	"-1689063"	"-1441599"	"-1643564"	"-1883983"	"-1926635"	"-1133926"	"-1930167"	"-1647005"
"Sales"	"Advertising"	"USD"	"2021"	"Actuals"	"11927813"	"13275000"	"14470420"	"24254251"	"18622529"	"14383931"	"15276227"	"25572852"	"18743894"	"14391835"	"22501788"	"15718764"
"Cost of Goods Sold"	"Advertising"	"USD"	"2021"	"Actuals"	"-5053779"	"-6371606"	"-6108911"	"-11077101"	"-9193559"	"-6219209"	"-7314288"	"-10632631"	"-7663770"	"-5778185"	"-10821067"	"-7450108"
"Commissions Expense"	"Advertising"	"USD"	"2021"	"Actuals"	"-492817"	"-565371"	"-708801"	"-1088792"	"-859144"	"-642937"	"-657708"	"-1154461"	"-889947"	"-630696"	"-901973"	"-676420"
"Payroll Expense"	"Advertising"	"USD"	"2021"	"Actuals"	"-1386136"	"-1379450"	"-1749461"	"-2801736"	"-2056382"	"-1705969"	"-1684701"	"-2697955"	"-2211580"	"-1544845"	"-2647562"	"-1932499"
"Travel & Entertainment Expense"	"Advertising"	"USD"	"2021"	"Actuals"	"-131523"	"-161711"	"-172700"	"-266573"	"-230679"	"-179379"	"-165428"	"-315550"	"-224935"	"-168787"	"-240615"	"-180581"
"R&D Expense"	"Advertising"	"USD"	"2021"	"Actuals"	"-538128"	"-661583"	"-625462"	"-1052988"	"-890043"	"-712398"	"-638422"	"-1178248"	"-765041"	"-607327"	"-958441"	"-630264"
"Consulting Expense"	"Advertising"	"USD"	"2021"	"Actuals"	"-715824"	"-732141"	"-899514"	"-1234506"	"-1078382"	"-795168"	"-921206"	"-1355263"	"-1118497"	"-885131"	"-1383842"	"-879683"
"Software/Hardware Expense"	"Advertising"	"USD"	"2021"	"Actuals"	"-850624"	"-1078967"	"-1072288"	"-1843256"	"-1363107"	"-1086298"	"-1289100"	"-2054031"	"-1505668"	"-1189134"	"-1672064"	"-1353879"
"Marketing Expense"	"Advertising"	"USD"	"2021"	"Actuals"	"-256750"	"-303363"	"-358131"	"-533856"	"-456091"	"-307618"	"-377198"	"-633324"	"-439078"	"-327293"	"-523231"	"-381235"
"Sales"	"Hardware"	"USD"	"2021"	"Actuals"	"22066453"	"20860714"	"25495502"	"35932224"	"22760868"	"22774557"	"23278060"	"32627432"	"29677832"	"15990928"	"32021775"	"23578146"
"Cost of Goods Sold"	"Hardware"	"USD"	"2021"	"Actuals"	"-10194386"	"-8775712"	"-11649875"	"-16904734"	"-10156730"	"-9308845"	"-11485654"	"-13335082"	"-13144907"	"-7121589"	"-14605277"	"-10457408"
"Commissions Expense"	"Hardware"	"USD"	"2021"	"Actuals"	"-1020928"	"-962457"	"-1256682"	"-1466447"	"-1128295"	"-1097226"	"-991610"	"-1523961"	"-1263413"	"-756846"	"-1410397"	"-1032096"
"Payroll Expense"	"Hardware"	"USD"	"2021"	"Actuals"	"-2444611"	"-2272245"	"-2641782"	"-4039512"	"-2624973"	"-2743062"	"-2434704"	"-4055672"	"-3164216"	"-1753146"	"-3557338"	"-2534072"
"Travel & Entertainment Expense"	"Hardware"	"USD"	"2021"	"Actuals"	"-275381"	"-210026"	"-317279"	"-388332"	"-242804"	"-235914"	"-250881"	"-404914"	"-314764"	"-162558"	"-362132"	"-245425"
"R&D Expense"	"Hardware"	"USD"	"2021"	"Actuals"	"-982133"	"-1031282"	"-1031427"	"-1571161"	"-1047047"	"-915792"	"-1130410"	"-1332285"	"-1469427"	"-750448"	"-1514250"	"-1098678"
"Consulting Expense"	"Hardware"	"USD"	"2021"	"Actuals"	"-1125007"	"-1299618"	"-1392648"	"-2179140"	"-1402417"	"-1417237"	"-1366474"	"-1706626"	"-1557322"	"-802577"	"-1970207"	"-1423960"
"Software/Hardware Expense"	"Hardware"	"USD"	"2021"	"Actuals"	"-1892953"	"-1758305"	"-2114471"	"-2948387"	"-1767142"	"-1705036"	"-2010684"	"-2567132"	"-2136189"	"-1232918"	"-2637095"	"-2009167"
"Marketing Expense"	"Hardware"	"USD"	"2021"	"Actuals"	"-535336"	"-469896"	"-589539"	"-871134"	"-466384"	"-548868"	"-518774"	"-742349"	"-717617"	"-394682"	"-746161"	"-544340"
"Sales"	"Software"	"USD"	"2022"	"Actuals"	"78338286"	"58034151"	"75874351"	"87725417"	"84878696"	"73990027"	"95372852"	"83104256"	"52883151"	"61528451"	"91089451"	"87746916"
"Cost of Goods Sold"	"Software"	"USD"	"2022"	"Actuals"	"-32377742"	"-26379976"	"-33823729"	"-41186038"	"-40605218"	"-31555193"	"-46768008"	"-33951735"	"-24520783"	"-24743822"	"-36760421"	"-43815665"
"Commissions Expense"	"Software"	"USD"	"2022"	"Actuals"	"-3477740"	"-2612821"	"-3043000"	"-4206639"	"-3635596"	"-3390988"	"-4751711"	"-3385162"	"-2396080"	"-2929053"	"-4196677"	"-3591506"
"Payroll Expense"	"Software"	"USD"	"2022"	"Actuals"	"-8777061"	"-5956476"	"-8788853"	"-9995832"	"-8550645"	"-8956466"	"-11183485"	"-8871134"	"-6351611"	"-7670731"	"-9827555"	"-9599585"
"Travel & Entertainment Expense"	"Software"	"USD"	"2022"	"Actuals"	"-851217"	"-648182"	"-827626"	"-971146"	"-1009775"	"-865150"	"-1184627"	"-992651"	"-601399"	"-727376"	"-1128223"	"-1000127"
"R&D Expense"	"Software"	"USD"	"2022"	"Actuals"	"-3158339"	"-2728823"	"-3421161"	"-4332736"	"-4162923"	"-3139829"	"-4315056"	"-3425707"	"-2305237"	"-2579902"	"-4086474"	"-4146068"
"Consulting Expense"	"Software"	"USD"	"2022"	"Actuals"	"-4069215"	"-3519759"	"-4009533"	"-4836632"	"-5257809"	"-4412376"	"-4985773"	"-4979583"	"-2840712"	"-3475369"	"-4584362"	"-4474219"
"Software/Hardware Expense"	"Software"	"USD"	"2022"	"Actuals"	"-6585349"	"-4759687"	"-6493370"	"-6546763"	"-6734243"	"-6212732"	"-8195799"	"-6417083"	"-4176227"	"-5193726"	"-6901697"	"-7639360"
"Marketing Expense"	"Software"	"USD"	"2022"	"Actuals"	"-1828234"	"-1342350"	"-1751692"	"-2175232"	"-1829981"	"-1789035"	"-1954312"	"-2007974"	"-1094268"	"-1521032"	"-1827984"	"-1900742"
"Sales"	"Advertising"	"USD"	"2022"	"Actuals"	"19584572"	"14508538"	"17451101"	"22808608"	"21219674"	"19977307"	"21935756"	"24931277"	"15336114"	"13536259"	"26415941"	"20181791"
"Cost of Goods Sold"	"Advertising"	"USD"	"2022"	"Actuals"	"-8362230"	"-6091621"	"-8316059"	"-10159328"	"-8624806"	"-9693159"	"-9579056"	"-9973478"	"-6228310"	"-6023754"	"-10593290"	"-8974298"
"Commissions Expense"	"Advertising"	"USD"	"2022"	"Actuals"	"-915086"	"-612941"	"-823113"	"-916944"	"-880691"	"-867181"	"-960417"	"-1047426"	"-623688"	"-675831"	"-1132922"	"-970183"
"Payroll Expense"	"Advertising"	"USD"	"2022"	"Actuals"	"-2065945"	"-1474640"	"-2117096"	"-2790604"	"-2540908"	"-2325558"	"-2387390"	"-3056599"	"-1798103"	"-1677834"	"-3256778"	"-2424353"
"Travel & Entertainment Expense"	"Advertising"	"USD"	"2022"	"Actuals"	"-240447"	"-157072"	"-183016"	"-241630"	"-239007"	"-238586"	"-266862"	"-274476"	"-188419"	"-144601"	"-275592"	"-214592"
"R&D Expense"	"Advertising"	"USD"	"2022"	"Actuals"	"-796397"	"-610923"	"-729783"	"-913075"	"-1012763"	"-882471"	"-1093311"	"-1137735"	"-686706"	"-582618"	"-1127220"	"-876587"
"Consulting Expense"	"Advertising"	"USD"	"2022"	"Actuals"	"-1199233"	"-811310"	"-900254"	"-1164976"	"-1151854"	"-1034607"	"-1285049"	"-1518350"	"-866477"	"-705238"	"-1549744"	"-1249787"
"Software/Hardware Expense"	"Advertising"	"USD"	"2022"	"Actuals"	"-1445011"	"-1126211"	"-1306570"	"-1839960"	"-1539232"	"-1482785"	"-1588028"	"-1880876"	"-1288625"	"-1107308"	"-2083925"	"-1761373"
"Marketing Expense"	"Advertising"	"USD"	"2022"	"Actuals"	"-420494"	"-304699"	"-395657"	"-479567"	"-522262"	"-404189"	"-497618"	"-499475"	"-321370"	"-275373"	"-589065"	"-494276"
"Sales"	"Hardware"	"USD"	"2022"	"Actuals"	"30551932"	"19731611"	"24279792"	"35090167"	"26312396"	"25896509"	"31473041"	"27424404"	"21153260"	"24611380"	"30059519"	"30711421"
"Cost of Goods Sold"	"Hardware"	"USD"	"2022"	"Actuals"	"-13819091"	"-9286529"	"-10933750"	"-15827962"	"-12543885"	"-11801803"	"-15410493"	"-12281930"	"-8667400"	"-10416735"	"-12874137"	"-15312570"
"Commissions Expense"	"Hardware"	"USD"	"2022"	"Actuals"	"-1369961"	"-942250"	"-1067439"	"-1630125"	"-1266063"	"-1202899"	"-1418412"	"-1366956"	"-922278"	"-1025165"	"-1394203"	"-1252426"
"Payroll Expense"	"Hardware"	"USD"	"2022"	"Actuals"	"-3344503"	"-2300612"	"-2595976"	"-3778056"	"-3167287"	"-2947517"	"-3546969"	"-2816091"	"-2552955"	"-2506235"	"-3473277"	"-3338330"
"Travel & Entertainment Expense"	"Hardware"	"USD"	"2022"	"Actuals"	"-338744"	"-244628"	"-271723"	"-354541"	"-300962"	"-260911"	"-327018"	"-336207"	"-259047"	"-300466"	"-322986"	"-313283"
"R&D Expense"	"Hardware"	"USD"	"2022"	"Actuals"	"-1468744"	"-973887"	"-1032242"	"-1717271"	"-1287760"	"-1206283"	"-1470777"	"-1246641"	"-1025992"	"-1104742"	"-1379202"	"-1486638"
"Consulting Expense"	"Hardware"	"USD"	"2022"	"Actuals"	"-1633292"	"-1089178"	"-1472323"	"-2057777"	"-1473412"	"-1538962"	"-1683014"	"-1385482"	"-1129867"	"-1300291"	"-1689964"	"-1833600"
"Software/Hardware Expense"	"Hardware"	"USD"	"2022"	"Actuals"	"-2276556"	"-1464050"	"-2030413"	"-2759580"	"-2279559"	"-2087858"	"-2509070"	"-2137231"	"-1498973"	"-2006400"	"-2628526"	"-2421145"
"Marketing Expense"	"Hardware"	"USD"	"2022"	"Actuals"	"-661654"	"-401978"	"-494551"	"-729508"	"-547250"	"-536085"	"-699474"	"-582080"	"-490459"	"-554075"	"-629658"	"-720295"
"Sales"	"Software"	"USD"	"2023"	"Budget"	"89862727"	"99687807"	"99378570"	"55271910"	"83758431"	"51637163"	"76348472"	"66086281"	"80081331"	"83886832"	"95750606"	"87036633"
"Cost of Goods Sold"	"Software"	"USD"	"2023"	"Budget"	"-39040130"	"-39921367"	"-45671498"	"-25801859"	"-39706126"	"-24992558"	"-31073960"	"-27470867"	"-33718513"	"-35019709"	"-45131670"	"-36256184"
"Commissions Expense"	"Software"	"USD"	"2023"	"Budget"	"-4014208"	"-4730507"	"-4051116"	"-2388743"	"-3788314"	"-2165366"	"-3369016"	"-2871769"	"-3799113"	"-3974617"	"-4757153"	"-3920259"
"Payroll Expense"	"Software"	"USD"	"2023"	"Budget"	"-11164524"	"-11563467"	"-10590962"	"-6628891"	"-10201147"	"-6336226"	"-8308362"	"-8049766"	"-9552167"	"-9069604"	"-11039826"	"-9218680"
"Travel & Entertainment Expense"	"Software"	"USD"	"2023"	"Budget"	"-903966"	"-1205019"	"-1010356"	"-636949"	"-1015796"	"-595479"	"-766242"	"-750665"	"-951950"	"-1022303"	"-1058471"	"-1058724"
"R&D Expense"	"Software"	"USD"	"2023"	"Budget"	"-3929016"	"-4147710"	"-4445473"	"-2698906"	"-3896549"	"-2130630"	"-3614931"	"-2980311"	"-3888537"	"-3741844"	"-4366391"	"-3894310"
"Consulting Expense"	"Software"	"USD"	"2023"	"Budget"	"-5487234"	"-6089746"	"-5750018"	"-3304967"	"-4958093"	"-2792253"	"-4640076"	"-3464963"	"-4767705"	"-4724399"	"-5050221"	"-4982632"
"Software/Hardware Expense"	"Software"	"USD"	"2023"	"Budget"	"-7158940"	"-7286160"	"-7691904"	"-4033310"	"-6604421"	"-3616980"	"-5679051"	"-5089930"	"-5618855"	"-5999913"	"-7841981"	"-6140271"
"Marketing Expense"	"Software"	"USD"	"2023"	"Budget"	"-1991503"	"-2443588"	"-2092138"	"-1127262"	"-2079479"	"-1036044"	"-1616405"	"-1643097"	"-1843345"	"-1693056"	"-2018243"	"-2002915"
"Sales"	"Advertising"	"USD"	"2023"	"Budget"	"23364309"	"21931318"	"19875714"	"14923416"	"20102023"	"14974777"	"15269694"	"17843296"	"20821146"	"18455103"	"28725182"	"23499891"
"Cost of Goods Sold"	"Advertising"	"USD"	"2023"	"Budget"	"-9770870"	"-9977447"	"-9318571"	"-7177432"	"-10040815"	"-6705472"	"-6527053"	"-7338883"	"-8598615"	"-8754005"	"-12960586"	"-10440153"
"Commissions Expense"	"Advertising"	"USD"	"2023"	"Budget"	"-998448"	"-906026"	"-816425"	"-657707"	"-898385"	"-723954"	"-621806"	"-778231"	"-920749"	"-855672"	"-1292991"	"-1173809"
"Payroll Expense"	"Advertising"	"USD"	"2023"	"Budget"	"-2858483"	"-2305377"	"-2131212"	"-1590327"	"-2085973"	"-1703752"	"-1695552"	"-1788917"	"-2327015"	"-2071414"	"-3239804"	"-2746179"
"Travel & Entertainment Expense"	"Advertising"	"USD"	"2023"	"Budget"	"-285338"	"-244889"	"-233148"	"-166561"	"-244687"	"-161345"	"-178305"	"-192708"	"-243644"	"-226447"	"-305055"	"-280685"
"R&D Expense"	"Advertising"	"USD"	"2023"	"Budget"	"-1031961"	"-1042954"	"-920646"	"-731175"	"-848528"	"-736400"	"-719835"	"-881777"	"-847120"	"-844418"	"-1401315"	"-1079897"
"Consulting Expense"	"Advertising"	"USD"	"2023"	"Budget"	"-1170898"	"-1234525"	"-1172371"	"-753727"	"-1051436"	"-922198"	"-907610"	"-961198"	"-1254550"	"-945986"	"-1699048"	"-1191231"
"Software/Hardware Expense"	"Advertising"	"USD"	"2023"	"Budget"	"-1980716"	"-1788979"	"-1719915"	"-1088499"	"-1502513"	"-1239582"	"-1127643"	"-1387114"	"-1526398"	"-1372656"	"-2454975"	"-1754241"
"Marketing Expense"	"Advertising"	"USD"	"2023"	"Budget"	"-566582"	"-505261"	"-426912"	"-323456"	"-432583"	"-305741"	"-310930"	"-427699"	"-433517"	"-412281"	"-629706"	"-493044"
"Sales"	"Hardware"	"USD"	"2023"	"Budget"	"33249209"	"35887611"	"29813571"	"16581573"	"25127529"	"18073007"	"25958480"	"24451924"	"24024399"	"26843786"	"31597700"	"34814653"
"Cost of Goods Sold"	"Hardware"	"USD"	"2023"	"Budget"	"-14119263"	"-17879670"	"-14358261"	"-7982038"	"-12177131"	"-8747974"	"-11295692"	"-10246934"	"-10460207"	"-11993641"	"-13770029"	"-14012331"
"Commissions Expense"	"Hardware"	"USD"	"2023"	"Budget"	"-1467109"	"-1677945"	"-1447729"	"-812834"	"-1060983"	"-816607"	"-1241153"	"-1024413"	"-1198716"	"-1237038"	"-1557750"	"-1483854"
"Payroll Expense"	"Hardware"	"USD"	"2023"	"Budget"	"-3338737"	"-4402775"	"-3287314"	"-1955247"	"-2711290"	"-1836954"	"-2798464"	"-2507986"	"-2646561"	"-2872300"	"-3683032"	"-3775393"
"Travel & Entertainment Expense"	"Hardware"	"USD"	"2023"	"Budget"	"-411779"	"-419320"	"-343566"	"-188670"	"-300697"	"-184661"	"-260440"	"-303559"	"-264242"	"-289776"	"-330529"	"-371367"
"R&D Expense"	"Hardware"	"USD"	"2023"	"Budget"	"-1532046"	"-1660857"	"-1397352"	"-803884"	"-1095237"	"-873288"	"-1260882"	"-1018393"	"-1131941"	"-1242629"	"-1414584"	"-1678509"
"Consulting Expense"	"Hardware"	"USD"	"2023"	"Budget"	"-1990196"	"-1966905"	"-1708842"	"-925380"	"-1432833"	"-927012"	"-1405783"	"-1281770"	"-1499076"	"-1485770"	"-1836741"	"-2063376"
"Software/Hardware Expense"	"Hardware"	"USD"	"2023"	"Budget"	"-2556106"	"-2734053"	"-2473118"	"-1174103"	"-1830494"	"-1286762"	"-2130211"	"-1845120"	"-1889246"	"-1995506"	"-2490074"	"-3039992"
"Marketing Expense"	"Hardware"	"USD"	"2023"	"Budget"	"-750337"	"-885959"	"-692240"	"-347870"	"-614839"	"-391158"	"-556893"	"-578359"	"-537761"	"-570088"	"-781567"	"-696480"
"Sales"	"Software"	"USD"	"2023"	"Forecast"	"77301768"	"72875628"	"55895001"	"89382699"	"71319509"	"79975474"	"69313842"	"92091905"	"83500769"	"59385280"	"65641609"	"71434962"
"Cost of Goods Sold"	"Software"	"USD"	"2023"	"Forecast"	"-35752342"	"-31441278"	"-27014782"	"-41080521"	"-29816017"	"-37864346"	"-29367294"	"-40634741"	"-39724316"	"-26784238"	"-29537593"	"-34630314"
"Commissions Expense"	"Software"	"USD"	"2023"	"Forecast"	"-3428824"	"-3228713"	"-2275853"	"-4449372"	"-3285819"	"-3933173"	"-2824146"	"-4226119"	"-3700895"	"-2830639"	"-3243319"	"-3463190"
"Payroll Expense"	"Software"	"USD"	"2023"	"Forecast"	"-7928112"	"-9106177"	"-6946518"	"-9674499"	"-8601910"	"-9397456"	"-8541402"	"-11276422"	"-9209392"	"-7076763"	"-8202915"	"-8508411"
"Travel & Entertainment Expense"	"Software"	"USD"	"2023"	"Forecast"	"-957085"	"-849920"	"-682768"	"-1070786"	"-869744"	"-914245"	"-850332"	"-1141027"	"-843495"	"-681529"	"-713836"	"-742136"
"R&D Expense"	"Software"	"USD"	"2023"	"Forecast"	"-3438085"	"-3285329"	"-2789198"	"-3812133"	"-3117588"	"-3550508"	"-2975224"	"-4265659"	"-4086642"	"-2794161"	"-2929773"	"-3103697"
"Consulting Expense"	"Software"	"USD"	"2023"	"Forecast"	"-3969897"	"-4380494"	"-3366354"	"-5273562"	"-3663927"	"-4416822"	"-4001007"	"-4832019"	"-4909221"	"-3571834"	"-3526646"	"-3835844"
"Software/Hardware Expense"	"Software"	"USD"	"2023"	"Forecast"	"-5877577"	"-5737846"	"-4331053"	"-7521222"	"-5990060"	"-5838719"	"-5381168"	"-8054420"	"-6629167"	"-4297756"	"-5298750"	"-5411523"
"Marketing Expense"	"Software"	"USD"	"2023"	"Forecast"	"-1715892"	"-1670598"	"-1349484"	"-1982340"	"-1444353"	"-1884602"	"-1511649"	"-1993504"	"-2075691"	"-1342675"	"-1421368"	"-1684617"
"Sales"	"Advertising"	"USD"	"2023"	"Forecast"	"17006389"	"16032638"	"14532700"	"20558021"	"16403487"	"20793623"	"16635322"	"26706652"	"16700154"	"17221731"	"18379651"	"16430041"
"Cost of Goods Sold"	"Advertising"	"USD"	"2023"	"Forecast"	"-7139124"	"-6558131"	"-5982628"	"-9936401"	"-7091143"	"-8326629"	"-7786192"	"-11348186"	"-7370420"	"-7201133"	"-9088004"	"-6637350"
"Commissions Expense"	"Advertising"	"USD"	"2023"	"Forecast"	"-803688"	"-739259"	"-592091"	"-918521"	"-663152"	"-840619"	"-680646"	"-1322559"	"-739411"	"-813025"	"-885800"	"-802943"
"Payroll Expense"	"Advertising"	"USD"	"2023"	"Forecast"	"-1775134"	"-1641526"	"-1648504"	"-2569037"	"-1934072"	"-2504228"	"-1924690"	"-3011577"	"-1750792"	"-1993161"	"-1924696"	"-2012016"
"Travel & Entertainment Expense"	"Advertising"	"USD"	"2023"	"Forecast"	"-184417"	"-161775"	"-161976"	"-244398"	"-192012"	"-219272"	"-167711"	"-289743"	"-168764"	"-197206"	"-228371"	"-193657"
"R&D Expense"	"Advertising"	"USD"	"2023"	"Forecast"	"-822293"	"-701739"	"-651658"	"-878628"	"-764328"	"-998972"	"-809874"	"-1081271"	"-688376"	"-770508"	"-750435"	"-712111"
"Consulting Expense"	"Advertising"	"USD"	"2023"	"Forecast"	"-874275"	"-940682"	"-892071"	"-1227751"	"-1019603"	"-1199508"	"-835310"	"-1647093"	"-840393"	"-892880"	"-991474"	"-824952"
"Software/Hardware Expense"	"Advertising"	"USD"	"2023"	"Forecast"	"-1299408"	"-1217903"	"-1241944"	"-1784476"	"-1419608"	"-1656529"	"-1231975"	"-2124020"	"-1192510"	"-1247530"	"-1452568"	"-1386479"
"Marketing Expense"	"Advertising"	"USD"	"2023"	"Forecast"	"-388830"	"-382107"	"-359149"	"-508536"	"-363265"	"-508077"	"-339302"	"-581049"	"-414044"	"-386935"	"-400161"	"-369293"
"Sales"	"Hardware"	"USD"	"2023"	"Forecast"	"25509583"	"27692739"	"21799050"	"27708637"	"22822243"	"24792397"	"24952983"	"32232167"	"30895285"	"20190995"	"19692483"	"26430936"
"Cost of Goods Sold"	"Hardware"	"USD"	"2023"	"Forecast"	"-11578936"	"-13283266"	"-10760123"	"-12031880"	"-9652620"	"-10584647"	"-12326877"	"-14959934"	"-13028093"	"-8308173"	"-7944445"	"-11049601"
"Commissions Expense"	"Hardware"	"USD"	"2023"	"Forecast"	"-1275330"	"-1342502"	"-1005300"	"-1113375"	"-1053372"	"-1175475"	"-1199747"	"-1548433"	"-1366025"	"-817271"	"-858372"	"-1083636"
"Payroll Expense"	"Hardware"	"USD"	"2023"	"Forecast"	"-3063156"	"-2978709"	"-2456071"	"-2810593"	"-2589351"	"-2491701"	"-3020040"	"-3652709"	"-3270893"	"-2030059"	"-2371946"	"-3263794"
"Travel & Entertainment Expense"	"Hardware"	"USD"	"2023"	"Forecast"	"-295046"	"-288819"	"-270521"	"-299399"	"-259557"	"-306337"	"-302042"	"-335932"	"-352326"	"-202497"	"-209741"	"-306375"
"R&D Expense"	"Hardware"	"USD"	"2023"	"Forecast"	"-1063042"	"-1383994"	"-1005520"	"-1122436"	"-1105967"	"-1152280"	"-1172596"	"-1435420"	"-1381456"	"-865769"	"-855963"	"-1188799"
"Consulting Expense"	"Hardware"	"USD"	"2023"	"Forecast"	"-1440304"	"-1476449"	"-1202261"	"-1447697"	"-1227951"	"-1255275"	"-1424563"	"-1942571"	"-1593839"	"-1037651"	"-1097675"	"-1397647"
"Software/Hardware Expense"	"Hardware"	"USD"	"2023"	"Forecast"	"-1825596"	"-1941785"	"-1833335"	"-2389482"	"-1906406"	"-1777976"	"-2005933"	"-2661184"	"-2463031"	"-1455030"	"-1398480"	"-1954771"
"Marketing Expense"	"Hardware"	"USD"	"2023"	"Forecast"	"-545525"	"-576243"	"-534567"	"-678191"	"-461374"	"-509712"	"-576349"	"-660401"	"-684878"	"-460793"	"-480324"	"-657505"
